{
  "mean": 296.4881571400821,
  "std": 7.789291077828382
}